{"cameraMode":{"drawMode":0,"name":"Shaded","section":"Shading Mode"},"sceneLighting":true,"audioPlay":false,"sceneViewState":{"m_AlwaysRefresh":false,"showFog":true,"showSkybox":true,"showFlares":true,"showImageEffects":true,"showParticleSystems":true,"showVisualEffectGraphs":true,"m_FxEnabled":false},"in2DMode":false,"pivot":{"x":334.33148193359377,"y":74.2843246459961,"z":215.56976318359376},"rotation":{"x":-0.03227200359106064,"y":0.9649611711502075,"z":0.21749749779701234,"w":0.14317600429058076},"size":77.42993927001953,"orthographic":false}